{"cameraMode":{"drawMode":0,"name":"Shaded","section":"Shading Mode"},"sceneLighting":false,"audioPlay":false,"sceneViewState":{"showFog":true,"showMaterialUpdate":false,"showSkybox":false,"showFlares":true,"showImageEffects":true,"showParticleSystems":true},"in2DMode":false,"pivot":{"x":1.5213992595672608,"y":1.7515238523483277,"z":15.566568374633789},"rotation":{"x":0.017096681520342828,"y":-0.02129579894244671,"z":0.00036409107269719243,"w":0.9996270537376404},"size":57.165809631347659,"orthographic":false}