{"cameraMode":{"drawMode":0,"name":"Shaded","section":"Shading Mode"},"sceneLighting":false,"audioPlay":false,"sceneViewState":{"showFog":true,"showMaterialUpdate":false,"showSkybox":false,"showFlares":true,"showImageEffects":true,"showParticleSystems":true},"in2DMode":false,"pivot":{"x":-0.3984593152999878,"y":-4.559279441833496,"z":0.0},"rotation":{"x":0.18105736374855042,"y":-0.020355388522148134,"z":0.003748473012819886,"w":0.9832547307014465},"size":20.27273941040039,"orthographic":false}