{"cameraMode":{"drawMode":0,"name":"Shaded","section":"Shading Mode"},"sceneLighting":false,"audioPlay":false,"sceneViewState":{"showFog":true,"showMaterialUpdate":false,"showSkybox":false,"showFlares":true,"showImageEffects":true,"showParticleSystems":true},"in2DMode":false,"pivot":{"x":20.5834903717041,"y":153.01487731933595,"z":85.40087890625},"rotation":{"x":0.12596385180950166,"y":-0.003570667002350092,"z":0.00045348762068897486,"w":0.9920282959938049},"size":658.2984619140625,"orthographic":false}