{"cameraMode":{"drawMode":0,"name":"Shaded","section":"Shading Mode"},"sceneLighting":false,"audioPlay":false,"sceneViewState":{"showFog":true,"showMaterialUpdate":false,"showSkybox":false,"showFlares":true,"showImageEffects":true,"showParticleSystems":true},"in2DMode":false,"pivot":{"x":-0.35000038146972659,"y":-0.12543535232543946,"z":6.62999963760376},"rotation":{"x":0.07651132345199585,"y":-0.35277259349823,"z":-0.028956640511751176,"w":-0.9321261048316956},"size":57.99933624267578,"orthographic":false}